Scientificname,Commonname,Taxa_Type,total_count,n_observations,non-native,invasive
Acanthostracion quadricornis,Scrawled Cowfish,Fish,13637,3384,,
Achiridae spp.,American Soles,Fish,44,10,,
Achirus lineatus,Lined Sole,Fish,8613,4050,,
Acipenser desotoi,Gulf Sturgeon,Fish,1,1,,
Aetobatus narinari,Spotted Eagle Ray,Fish,47,43,,
Albula goreensis,Senegalese Bonefish,Fish,1,1,,
Albula sp. cf. vulpes,bonefishes,Fish,4,3,,
Albula spp.,bonefishes,Fish,14,11,,
Albula vulpes,Bonefish,Fish,33,21,,
Alburnops petersoni,Coastal Shiner,Fish,6596,314,,
Aluterus schoepfii,Orange Filefish,Fish,688,435,,
Aluterus scriptus,Scrawled Filefish,Fish,8,3,,
Aluterus spp.,filefishes,Fish,1,1,,
Ameiurus catus,White Catfish,Fish,559,143,,
Ameiurus natalis,Yellow Bullhead,Fish,3,3,,
Ameiurus nebulosus,Brown Bullhead,Fish,9,7,,
Ameiurus spp.,Bullheads,Fish,4,3,,
Amia calva,Bowfin,Fish,23,18,,
Anarchopterus criniger,Fringed Pipefish,Fish,298,147,,
Anchoa cubana,Cuban Anchovy,Fish,111838,232,,
Anchoa hepsetus,Striped Anchovy,Fish,153140,1626,,
Anchoa lyolepis,Dusky Anchovy,Fish,5971,11,,
Anchoa mitchilli,Bay Anchovy,Fish,10708629,13329,,
Anchoa spp.,Anchovies,Fish,35054,76,,
Ancylopsetta quadrocellata,Ocellated Flounder,Fish,193,158,,
Anguilliformes spp.,Eels,Fish,3,2,,
Aphredoderus sayanus,Pirate Perch,Fish,4,4,,
Archosargus probatocephalus,Sheepshead,Fish,33967,8553,,
Archosargus rhomboidalis,Sea Bream,Fish,1,1,,
Ariopsis felis,Hardhead Catfish,Fish,75011,7027,,
Astroscopus y-graecum,Southern Stargazer,Fish,39,33,,
Atherina harringtonensis,Reef Silverside,Fish,1,1,,
Atherinidae spp.,Old World Silversides,Fish,5,3,,
Atherinopsidae spp.,New World Silversides,Fish,3,3,,
Bagre marinus,Gafftopsail Catfish,Fish,4474,1223,,
Bairdiella chrysoura,Silver Perch,Fish,203910,6281,,
Balistidae spp.,Triggerfishes,Fish,1,1,,
Bascanichthys scuticaris,Whip Eel,Fish,1,1,,
Bathygobius soporator,Frillfin Goby,Fish,1833,847,,
Bathygobius spp.,gobies,Fish,145,46,,
Belonesox belizanus,Pike Killifish,Fish,575,333,Y,
Brevoortia spp.,Menhadens,Fish,134895,1692,,
Calamus arctifrons,Grass Porgy,Fish,1630,386,,
Calamus bajonado,Jolthead Porgy,Fish,5,5,,
Calamus penna,Sheepshead Porgy,Fish,178,113,,
Calamus proridens,Littlehead Porgy,Fish,10,9,,
Calamus spp.,porgies,Fish,156,113,,
Caranx bartholomaei,Yellow Jack,Fish,1,1,,
Caranx crysos,Blue Runner,Fish,295,124,,
Caranx hippos,Crevalle Jack,Fish,4380,1029,,
Caranx latus,Horse-eye Jack,Fish,107,69,,
Caranx spp.,jacks,Fish,1,1,,
Carcharhinus acronotus,Blacknose Shark,Fish,7,4,,
Carcharhinus leucas,Bull Shark,Fish,32,28,,
Carcharhinus limbatus,Blacktip Shark,Fish,39,24,,
Carcharhinus spp.,requiem sharks,Fish,1,1,,
Centrarchidae spp.,sunfishes,Fish,1,1,,
Centropomus undecimalis,Common Snook,Fish,47832,7564,,
Centropristis striata,Black Sea Bass,Fish,2909,823,,
Chaetodipterus faber,Atlantic Spadefish,Fish,15281,2394,,
Chaetodon capistratus,Foureye Butterflyfish,Fish,1,1,,
Chaetodon ocellatus,Spotfin Butterflyfish,Fish,2,1,,
Chalinops pauciradiatus,Spotted Dragonet,Fish,2,2,,
Chasmodes saburrae,Florida Blenny,Fish,3509,1442,,
Chilomycterus schoepfii,Striped Burrfish,Fish,19074,5413,,
Chloroscombrus chrysurus,Atlantic Bumper,Fish,5382,658,,
Cichlasoma bimaculatum,Black Acara,Fish,22,9,Y,
Cichlasoma dimerus,Chanchita,Fish,3,3,Y,
Cichlasoma spp.,cichlids,Fish,3,3,Y,
Cichlidae spp.,Cichlids,Fish,69,15,Y,
Citharichthys arctifrons,Gulf Stream Flounder,Fish,1,1,,
Citharichthys cornutus,Horned Whiff,Fish,2,1,,
Citharichthys macrops,Spotted Whiff,Fish,391,211,,
Clarias batrachus,Walking Catfish,Fish,7,7,Y,
Clupeiformes spp.,Herrings and Anchovies,Fish,4113,27,,
Ctenogobius boleosoma,Darter Goby,Fish,87,47,,
Ctenogobius smaragdus,Emerald Goby,Fish,106,75,,
Cynoscion arenarius,Sand Seatrout,Fish,56069,4076,,
Cynoscion nebulosus,Spotted Seatrout,Fish,31017,7222,,
Cynoscion spp.,drums and croakers,Fish,1,1,,
Cyprinodon variegatus,Sheepshead Minnow,Fish,64801,2976,,
Cyprinodontidae spp.,Pupfishes,Fish,1,1,,
Dactyloscopidae spp.,sand stargazers,Fish,1,1,,
Dactyloscopus moorei,Speckled Stargazer,Fish,27,22,,
Decapterus punctatus,Round Scad,Fish,29,3,,
Diapterus auratus,Irish Pompano,Fish,3493,624,,
Diapterus spp.,mojarras,Fish,2,1,,
Diodon holocanthus,Balloonfish,Fish,11,11,,
Diodon spp.,porcupinefishes,Fish,1,1,,
Diplectrum formosum,Sand Perch,Fish,434,297,,
Diplectrum spp.,sea basses,Fish,1,1,,
Diplodus holbrookii,Spottail Pinfish,Fish,9498,1111,,
Dormitator maculatus,Fat Sleeper,Fish,3,2,,
Dorosoma cepedianum,Gizzard Shad,Fish,52,28,,
Dorosoma petenense,Threadfin Shad,Fish,3510,316,,
Dorosoma spp.,Shad,Fish,46,3,,
Echeneis naucrates,Sharksucker,Fish,29,28,,
Echeneis neucratoides,Whitefin Sharksucker,Fish,108,101,,
Echeneis spp.,Sharksuckers,Fish,12,12,,
Echiophis intertinctus,Spotted Spoon-nose Eel,Fish,1,1,,
Elopidae spp.,tenpounders,Fish,4,2,,
Elopiformes spp.,Tarpons,Fish,4,4,,
Elops saurus,Ladyfish,Fish,72884,3488,,
Elops smithi,Malacho,Fish,4,4,,
Elops spp.,tenpounders,Fish,24,10,,
Engraulidae spp.,anchovies,Fish,1,1,,
Epinephelus itajara,Goliath Grouper,Fish,46,37,,
Epinephelus morio,Red Grouper,Fish,56,41,,
Erimyzon sucetta,Lake Chubsucker,Fish,1,1,,
Etheostoma fusiforme,Swamp Darter,Fish,63,24,,
Etropus crossotus,Fringed Flounder,Fish,598,329,,
Etropus cyclosquamus,Shelf Flounder,Fish,1,1,,
Etropus spp.,sand whiffs,Fish,1,1,,
Eucinostomus argenteus,Spotfin Mojarra,Fish,43,16,,
Eucinostomus gula,Silver Jenny,Fish,278681,13524,,
Eucinostomus harengulus,Tidewater Mojarra,Fish,282062,14855,,
Eucinostomus spp.,Eucinostomus,Fish,867495,17407,,
Eugerres plumieri,Striped Mojarra,Fish,47808,5203,,
Euthynnus alletteratus,Little Tunny,Fish,3,1,,
Fistularia tabacaria,Bluespotted Cornetfish,Fish,1,1,,
Floridichthys carpio,Goldspotted Killifish,Fish,116639,3847,,
Fundulus chrysotus,Golden Topminnow,Fish,6,6,,
Fundulus confluentus,Marsh Killifish,Fish,896,241,,
Fundulus grandis,Gulf Killifish,Fish,39389,3730,,
Fundulus majalis,Striped Killifish,Fish,21,8,,
Fundulus seminolis,Seminole Killifish,Fish,12048,1060,,
Fundulus similis,Longnose Killifish,Fish,55897,2231,,
Fundulus spp.,topminnows,Fish,76,35,,
Fundulus xenicus,Diamond Killifish,Fish,5305,328,,
Gambusia affinis,Western Mosquitofish,Fish,6,3,,
Gambusia holbrooki,Eastern Mosquito Fish,Fish,105837,2517,,
Gerreidae spp.,Mojarras,Fish,260,16,,
Gerres cinereus,Yellowfin Mojarra,Fish,25,13,,
Ginglymostoma cirratum,Nurse Shark,Fish,1,1,,
Gobiesox strumosus,Skilletfish,Fish,633,443,,
Gobiidae spp.,Gobies,Fish,10,5,,
Gobiomorus dormitor,Bigmouth Sleeper,Fish,2,2,,
Gobionellus oceanicus,Highfin Goby,Fish,25,23,,
Gobiosoma bosc,Naked Goby,Fish,20673,5151,,
Gobiosoma longipala,Twoscale Goby,Fish,309,190,,
Gobiosoma robustum,Code Goby,Fish,12977,3211,,
Gobiosoma spp.,Gobiosoma Gobies,Fish,24018,5665,,
Gymnachirus melas,Naked Sole,Fish,1,1,,
Gymnura lessae,Atlantic Butterfly Ray,Fish,524,362,,
Haemulon aurolineatum,Tomtate,Fish,104,29,,
Haemulon plumierii,White Grunt,Fish,4522,897,,
Haemulon spp.,grunts,Fish,5,4,,
Halichoeres bivittatus,Slippery Dick,Fish,45,25,,
Harengula jaguana,Scaled Sardine,Fish,366263,3551,,
Hemicaranx amblyrhynchus,Bluntnose Jack,Fish,46,28,,
Hemichromis letourneuxi,African Jewelfish,Fish,195,75,Y,
Hemiramphidae spp.,halfbeaks,Fish,8,5,,
Hemiramphus balao,Balao,Fish,1,1,,
Hemiramphus brasiliensis,Ballyhoo,Fish,43,14,,
Hemiramphus spp.,halfbeaks,Fish,3,3,,
Heterandria formosa,Least Killifish,Fish,416,150,,
Hippocampus erectus,Lined Seahorse,Fish,1073,822,,
Hippocampus spp.,seahorses,Fish,4,4,,
Hippocampus zosterae,Dwarf Seahorse,Fish,1335,703,,
Hoplosternum littorale,Brown Hoplo,Fish,16,14,,
Hoplosternum spp.,callichthyid armored catfishes,Fish,4,4,Y,
Hypanus americanus,Southern Stingray,Fish,361,267,,
Hypanus sabinus,Atlantic Stingray,Fish,16793,6162,,
Hypanus say,Bluntnose Stingray,Fish,1289,831,,
Hypanus spp.,Whiptail Stingrays,Fish,14,14,,
Hypleurochilus caudovittatus,Zebratail Blenny,Fish,82,47,,
Hypleurochilus spp.,combtooth blennies,Fish,3,2,,
Hyporhamphus meeki,False Silverstripe Halfbeak,Fish,1665,489,,
Hyporhamphus spp.,Halfbeaks,Fish,258,101,,
Hyporhamphus unifasciatus,Atlantic Silverstripe Halfbeak,Fish,29,14,,
Hypsoblennius hentz,Feather Blenny,Fish,236,171,,
Ictaluridae spp.,North American catfishes,Fish,2,2,,
Ictalurus punctatus,Channel Catfish,Fish,86,42,,
Jordanella floridae,Flagfish,Fish,4,4,,
Kryptolebias marmoratus,Mangrove Rivulus,Fish,1,1,,
Kyphosus sectatrix,Bermuda Chub,Fish,1,1,,
Kyphosus spp.,sea chubs,Fish,1,1,,
Labidesthes vanhyningi,Green Silverside,Fish,2546,291,,
Lachnolaimus maximus,Hogfish,Fish,53,46,,
Lactophrys spp.,Trunkfishes,Fish,9,6,,
Lactophrys trigonus,Trunkfish,Fish,39,33,,
Lagodon rhomboides,Pinfish,Fish,1842704,20585,,
Leiostomus xanthurus,Spot,Fish,483941,6532,,
Lepisosteus osseus,Longnose Gar,Fish,518,344,,
Lepisosteus platyrhincus,Florida Gar,Fish,92,76,,
Lepisosteus spp.,Gars,Fish,6,6,,
Lepomis auritus,Redbreast Sunfish,Fish,146,92,,
Lepomis gulosus,Warmouth,Fish,17,15,,
Lepomis macrochirus,Bluegill,Fish,5446,1152,,
Lepomis marginatus,Dollar Sunfish,Fish,23,19,,
Lepomis microlophus,Redear Sunfish,Fish,618,199,,
Lepomis punctatus,Spotted Sunfish,Fish,198,114,,
Lepomis spp.,Sunfishes,Fish,901,253,,
Lobotes surinamensis,Atlantic Tripletail,Fish,4,3,,
Lophogobius cyprinoides,Crested Goby,Fish,2610,435,,
Loricariidae spp.,suckermouth armored catfishes,Fish,60,46,Y,
Lucania goodei,Bluefin Killifish,Fish,579,163,,
Lucania parva,Rainwater Killifish,Fish,472100,8448,,
Lucania spp.,topminnows,Fish,1,1,,
Lupinoblennius nicholsi,Highfin Blenny,Fish,72,24,,
Lutjanus analis,Mutton Snapper,Fish,9,9,,
Lutjanus apodus,Schoolmaster,Fish,1,1,,
Lutjanus griseus,Gray Snapper,Fish,11499,3499,,
Lutjanus spp.,snappers,Fish,5,4,,
Lutjanus synagris,Lane Snapper,Fish,6190,1505,,
Mayaheros urophthalmus,Mayan Cichlid,Fish,829,138,Y,
Megalops atlanticus,Tarpon,Fish,38,27,,
Membras martinica,Rough Silverside,Fish,18079,549,,
Menidia spp.,New World silversides,Fish,1592195,15463,,
Menticirrhus americanus,Southern Kingfish,Fish,28981,3631,,
Menticirrhus littoralis,Gulf Kingfish,Fish,402,72,,
Menticirrhus saxatilis,Northern Kingfish,Fish,733,365,,
Menticirrhus spp.,drums and croakers,Fish,68,31,,
Microgobius gulosus,Clown Goby,Fish,184398,13750,,
Microgobius spp.,gobies,Fish,4,4,,
Microgobius thalassinus,Green Goby,Fish,1966,633,,
Micropogonias undulatus,Atlantic Croaker,Fish,1195,210,,
Micropterus salmoides,Florida Bass,Fish,1499,549,,
Misgurnus anguillicaudatus,Pond Loach,Fish,2,2,Y,
Monacanthidae spp.,Filefishes,Fish,1,1,,
Monacanthus ciliatus,Fringed Filefish,Fish,811,390,,
Monopterus albus,Asian Swamp Eel,Fish,4,4,Y,
Morone saxatilis,Striped Bass,Fish,1,1,,
Mugil cephalus,Striped Mullet,Fish,238075,7043,,
Mugil curema,White Mullet,Fish,13754,1829,,
Mugil spp.,Mullets,Fish,1531,90,,
Mugil trichodon,Fantail Mullet,Fish,24868,2361,,
Mullus auratus,Red Goatfish,Fish,6,4,,
Mycteroperca bonaci,Black Grouper,Fish,5,4,,
Mycteroperca microlepis,Gag,Fish,2298,802,,
Myrophis punctatus,Speckled Worm Eel,Fish,18,18,,
Negaprion brevirostris,Lemon Shark,Fish,14,11,,
Nicholsina usta,Emerald Parrotfish,Fish,4810,889,,
Notemigonus crysoleucas,Golden Shiner,Fish,280,55,,
Notropis maculatus,Taillight Shiner,Fish,225,28,,
Notropis spp.,minnows,Fish,8,3,,
Noturus gyrinus,Tadpole Madtom,Fish,4,3,,
Ocyurus chrysurus,Yellowtail Snapper,Fish,75,27,,
Odontoscion dentex,Reef Croaker,Fish,1,1,,
Ogcocephalus cubifrons,Polka-dot Batfish,Fish,260,191,,
Ogcocephalus spp.,Batfishes,Fish,1,1,,
Oligoplites saurus,Leatherjacket,Fish,16621,4958,,
Ophichthidae spp.,snake eels,Fish,1,1,,
Ophichthus gomesii,Shrimp Eel,Fish,1,1,,
Ophidion holbrookii,Bank Cusk-eel,Fish,7,7,,
Opisthonema oglinum,Atlantic Thread Herring,Fish,92447,1701,,
Opistognathus robinsi,Spotfin Jawfish,Fish,5,5,,
Opsanus beta,Gulf Toadfish,Fish,7514,3322,,
Opsanus beta (red morph),Gulf Toadfish (red morph),Fish,2,2,,
Oreochromis aureus,Blue Tilapia,Fish,664,88,Y,
Oreochromis niloticus,Nile Tilapia,Fish,67,13,Y,
Oreochromis spp.,tilapias,Fish,24,2,Y,
Oreochromis/Sarotherodon spp.,Tilapias,Fish,3783,623,Y,
Orthopristis chrysoptera,Pigfish,Fish,159296,6452,,
Ostraciidae spp.,Boxfishes,Fish,20,15,,
Parablennius marmoreus,Seaweed Blenny,Fish,1,1,,
Parachromis managuensis,Jaguar Guapote,Fish,1,1,Y,
Paraclinus fasciatus,Banded Blenny,Fish,2,2,,
Paraclinus marmoratus,Marbled Blenny,Fish,488,134,,
Paralichthyidae spp.,Sand Flounders,Fish,1,1,,
Paralichthys albigutta,Gulf Flounder,Fish,8577,4592,,
Pelmatolapia mariae,Spotted Tilapia,Fish,39,19,Y,
Peprilus burti,Gulf Butterfish,Fish,2,2,,
Peprilus paru,Harvestfish,Fish,169,40,,
Pleuronectiformes spp.,Flounders,Fish,1,1,,
Poecilia latipinna,Sailfin Molly,Fish,57596,2877,,
Poecilia spp.,Mollies,Fish,22,3,,
Pogonias cromis,Black Drum,Fish,2363,694,,
Pomatomus saltatrix,Bluefish,Fish,541,97,,
Pomoxis nigromaculatus,Black Crappie,Fish,50,32,,
Prionotus martis,Barred Searobin,Fish,2,1,,
Prionotus rubio,Blackwing searobin,Fish,4,3,,
Prionotus scitulus,Leopard Searobin,Fish,24942,5001,,
Prionotus spp.,Searobins,Fish,4,2,,
Prionotus tribulus,Bighead Searobin,Fish,3395,2032,,
Protemblemaria punctata,Chameleon Blenny,Fish,1,1,,
Pseudobatos lentiginosus,Atlantic Guitarfish,Fish,119,94,,
Pseudupeneus maculatus,Spotted Goatfish,Fish,2,2,,
Pterygoplichthys disjunctivus,Vermiculated Catfish,Fish,35,32,Y,
Pterygoplichthys multiradiatus,Armoured Catfish,Fish,2,2,Y,
Pterygoplichthys pardalis,Amazon sailfin catfish,Fish,1,1,Y,
Pterygoplichthys spp.,suckermouth armored catfishes,Fish,65,55,Y,
Rachycentron canadum,Cobia,Fish,53,40,,
Rhinoptera bonasus,Cownose Ray,Fish,9695,1607,,
Rhizoprionodon terraenovae,Atlantic Sharpnose Shark,Fish,3,2,,
Rocio octofasciata,Jack Dempsey,Fish,1,1,,
Rostroraja eglanteria,Clearnose Skate,Fish,1,1,,
Rostroraja texana,Roundel Skate,Fish,13,9,,
Sardinella aurita,Spanish Sardine,Fish,17195,101,,
Sarotherodon melanotheron,Blackchin Tilapia,Fish,1192,352,Y,
Sciaenidae spp.,drums and croakers,Fish,582,8,,
Sciaenops ocellatus,Red Drum,Fish,61462,7676,,
Scomberomorus maculatus,Spanish Mackerel,Fish,1137,498,,
Scorpaena brasiliensis,Barbfish,Fish,323,205,,
Scorpaena calcarata,Smoothhead Scorpionfish,Fish,1,1,,
Selene vomer,Lookdown,Fish,1198,428,,
Serraniculus pumilio,Pygmy Sea Bass,Fish,67,49,,
Serranus subligarius,Belted Sandfish,Fish,63,48,,
Siluriformes spp.,Catfish,Fish,1,1,,
Sphoeroides nephelus,Southern Puffer,Fish,14050,6369,,
Sphoeroides spengleri,Bandtail Puffer,Fish,400,226,,
Sphoeroides spp.,puffers,Fish,5,5,,
Sphyraena barracuda,Great Barracuda,Fish,850,375,,
Sphyraena borealis,Sennet,Fish,137,73,,
Sphyraena guachancho,Guaguanche,Fish,1,1,,
Sphyrna lewini,Scalloped Hammerhead,Fish,1,1,,
Sphyrna spp.,hammerhead sharks,Fish,1,1,,
Sphyrna tiburo,Bonnethead,Fish,1108,619,,
Stephanolepis hispida,Planehead Filefish,Fish,13918,2596,,
Stephanolepis setifer,Pygmy Filefish,Fish,5,4,,
Strongylura marina,Atlantic Needlefish,Fish,3344,1253,,
Strongylura notata,Redfin Needlefish,Fish,29863,5532,,
Strongylura spp.,Needlefishes,Fish,1276,787,,
Strongylura timucu,Timucu,Fish,928,511,,
Syacium papillosum,Dusky Flounder,Fish,8,3,,
Symphurus plagiusa,Blackcheek Tonguefish,Fish,6682,2649,,
Synbranchidae spp.,Swamp Eels,Fish,1,1,Y,
Syngnathidae spp.,pipefishes,Fish,5,3,,
Syngnathus floridae,Dusky Pipefish,Fish,7548,1717,,
Syngnathus louisianae,Chain Pipefish,Fish,4995,2821,,
Syngnathus scovelli,Gulf Pipefish,Fish,22364,5869,,
Syngnathus spp.,Pipefishes,Fish,22,15,,
Syngnathus springeri,Bull Pipefish,Fish,2,2,,
Synodontidae spp.,lizardfishes,Fish,1,1,,
Synodus foetens,Inshore Lizardfish,Fish,15049,7524,,
Thorichthys meeki,Firemouth Cichlid,Fish,7,1,Y,
Tigrigobius macrodon,Tiger Goby,Fish,28,15,,
Tilapia spp.,Tilapias,Fish,1,1,Y,
Trachinotus carolinus,Florida Pompano,Fish,373,162,,
Trachinotus falcatus,Permit,Fish,1989,416,,
Trachinotus spp.,jacks,Fish,1,1,,
Trichromis salvini,Yellowbelly Cichlid,Fish,2,1,Y,
Trinectes maculatus,Hogchoker,Fish,106218,9780,,
Tylosurus crocodilus,Houndfish,Fish,133,65,,
Tylosurus spp.,needlefishes,Fish,1,1,,
Urophycis floridana,Southern Hake,Fish,241,158,,
Xiphophorus spp.,livebearers,Fish,6,5,,
Alpheidae spp.,Snapping Shrimp,Invert,147,75,,
Ambidexter symmetricus,grass shrimp,Invert,5,4,,
Argopecten gibbus,Atlantic Calico Scallop,Invert,2,2,,
Argopecten irradians,Bay Scallop,Invert,355,186,,
Argopecten spp.,Scallops,Invert,381,160,,
Brachycarpus biunguiculatus,Twoclaw Shrimp,Invert,2,2,,
Callinectes bocourti,Bocourt Swimming Crab,Invert,1,1,,
Callinectes ornatus,Shelligs,Invert,318,169,,
Callinectes sapidus,Blue Crab,Invert,55874,13391,,
Callinectes similis,Lesser Blue Crab,Invert,27,16,,
Callinectes spp.,swimming crabs,Invert,19,16,,
Farfantepenaeus duorarum,Pink Shrimp,Invert,100174,12724,,
Farfantepenaeus spp.,Commercial Shrimps,Invert,3,2,,
Hippolyte spp.,grass shrimp,Invert,1,1,,
Hippolyte zostericola,Zostera Shrimp,Invert,4,4,,
Latreutes parvulus,Sargassum Shrimp,Invert,13,4,,
Leander paulensis,Red-algae Shrimp,Invert,6,3,,
Limulus polyphemus,Horseshoe Crab,Invert,2760,1136,,
Lysmata amboinensis,Scarlet Cleaner Shrimp,Invert,15,3,,
Lysmata wurdemanni,Peppermint Shrimp,Invert,14,2,,
Menippe mercenaria,Florida Stone Crab,Invert,12,9,,
Menippe spp.,Stone Crab,Invert,3960,1136,,
Ogyrides alphaerostris,Estuarine Longeye Shrimp,Invert,1,1,,
Palaemon floridanus,Florida Grass Shrimp,Invert,6,3,,
Palaemonetes intermedius,Brackish Grass Shrimp,Invert,6145,462,,
Palaemonetes paludosus,Eastern Grass Shrimp,Invert,139,34,,
Palaemonetes pugio,Daggerblade Grass Shrimp,Invert,593900,4133,,
Palaemonetes spp.,Grass Shrimp,Invert,5057,198,,
Palaemonetes vulgaris,Marsh Grass Shrimp,Invert,4,3,,
Palaemonidae spp.,grass shrimp,Invert,4,2,,
Penaeidae spp.,Penaeid Shrimps,Invert,13,11,,
Periclimenes americanus,American Grass Shrimp,Invert,75,29,,
Periclimenes longicaudatus,Longtail Grass Shrimp,Invert,13,9,,
Portunidae spp.,Swimming Crabs,Invert,5,3,,
Portunus gibbesii,Iridescent Swimming Crab,Invert,1,1,,
Portunus spp.,Portunus Crabs,Invert,21326,1775,,
Rimapenaeus constrictus,Roughneck Shrimp,Invert,184,80,,
Rimapenaeus spp.,roughneck shrimp,Invert,34,18,,
Sicyonia brevirostris,Rock Shrimp,Invert,7,2,,
Sicyonia laevigata,Hardback,Invert,66,40,,
Sicyonia parri,Rock Shrimp,Invert,1,1,,
Sicyonia spp.,Rock Shrimp,Invert,5,5,,
Sicyonia typica,Kinglet Rock Shrimp,Invert,62,23,,
Stomolophus meleagris,Cannonball Jellyfish,Invert,2,2,,
Tozeuma carolinense,Arrow Shrimp,Invert,2,2,,
Tozeuma spp.,Arrow Shrimp,Invert,3,2,,
Apalone ferox,Florida Softshell,Turtle,9,9,,
Chelonia mydas,Green Sea Turtle,Turtle,23,22,,
Chelydra serpentina,Snapping Turtles,Turtle,2,2,,
Emydidae spp.,Sliders,Turtle,1,1,,
Graptemys pseudogeographica kohnii,Mississippi Map Turtle,Turtle,1,1,,
Kinosternon baurii,Striped Mud Turtle,Turtle,1,1,,
Malaclemys spp.,Terrapin,Turtle,1,1,,
Malaclemys terrapin,Diamondback Terrapin,Turtle,115,76,,
Pseudemys nelsoni,Florida Redbelly Turtle,Turtle,7,7,,
Pseudemys peninsularis,Peninsula Cooter,Turtle,7,7,,
Pseudemys spp.,Cooters - Turtles,Turtle,2,2,,
Pseudemys suwanniensis,Suwannee Cooter,Turtle,9,8,,
Sternotherus odoratus,Stinkpot,Turtle,1,1,,
Trachemys scripta elegans,Red-eared Turtle,Turtle,11,11,Y,Y
Trachemys scripta scripta,Yellow Bellied Turtle,Turtle,7,7,,
